# CSV-File created with merge-csv.com,,,,,,,,,,,
# -----------------------------------------------------------,,,,,,,,,,,
,,,,,,,,,,,
List Sekolah SMA,,,,,,,,,,,
No,Nama Sekolah,NPSN,BP,Status,Latitude & Longitude,,,,,,
1,SMAN 1 BANDUNG,20219271,SMA,Negeri,"-6.895135070719616, 107.61270790128432",,,,,,
1,SMAN 22 BANDUNG,20219250,SMA,Negeri,"-6.942102784207511, 107.63090597027359",,,,,,
1,SMAN 13 BANDUNG,20219240,SMA,Negeri,"-6.903217413864534, 107.56502341189075",,,,,,
1,SMAN 6 BANDUNG,20219306,SMA,Negeri,"-6.911242870183511, 107.59780166983094",,,,,,
1,SMAN 10 BANDUNG,20219257,SMA,Negeri,"-6.902552220046267, 107.64394181222102",,,,,,
1,SMA BPK PENABUR HOLIS,69895400,SMA,Swasta,"-6.938568330238537, 107.56456345631733",,,,,,
1,SMAS LANGLANGBUANA,20219788,SMA,Swasta,"-6.907126617541875, 107.67630326977218",,,,,,
1,SMAN 24 BANDUNG,20219248,SMA,Negeri,"-6.908160665177665, 107.6885704407251",,,,,,
1,SMAN 12 BANDUNG,20219241,SMA,Negeri,"-6.941216632456839, 107.64616979876833",,,,,,
1,SMAN 11 BANDUNG,20219243,SMA,Negeri,"-6.940481031871086, 107.61049654321252",,,,,,
1,SMAN 15 BANDUNG,20219238,SMA,Negeri,"-6.878041681755654, 107.57427837753832",,,,,,
1,SMAN 26 BANDUNG,20219233,SMA,Negeri,"-6.917240821609926, 107.72503758531712",,,,,,
1,SMAN 21 BANDUNG,20219251,SMA,Negeri,"-6.95679809325089, 107.6718494299419",,,,,,
1,SMKN 10 BANDUNG,20219176,SMK,Negeri,"-6.964156538986857, 107.65796930133499",,,,,,
1,SMAN 23 BANDUNG,20219249,SMA,Negeri,"-6.912545419421477, 107.66496287199317",,,,,,
1,SMAN 17 BANDUNG,20219235,SMA,Negeri,"-6.942284883433707, 107.57521249893499",,,,,,
1,SMAS INDONESIA RAYA BANDUNG,20219717,SMA,Swasta,"-6.888958926447304, 107.5807631993295",,,,,,
1,SMAN 18 BANDUNG,20219244,SMA,Negeri,"-6.938220781034749, 107.58524189871369",,,,,,
1,SMAN 25 BANDUNG,20219247,SMA,Negeri,"-6.9659777923046855, 107.66549539871157",,,,,,
1,SMA TUNAS UNGGUL,70023547,SMA,Swasta,"-6.898695115806907, 107.67570040099818",,,,,,
1,SMA ISLAM TERPADU AL IRSYAD AL ISLAMIYYAH,70051306,SMA,Swasta,"-6.893691729880073, 107.63961962757652",,,,,,
1,SMAN 20 BANDUNG,20219253,SMA,Negeri,"-6.90419221211588, 107.62228946955975",,,,,,
1,SMA HARAPAN KASIH,69979164,SMA,Swasta,"-6.951850080337307, 107.60323141141173",,,,,,
1,SMAN 3 BANDUNG,20219327,SMA,Negeri,"-6.911516009350843, 107.6149905625318",,,,,,
1,SMA AL BIRUNI CERDAS MULIA,69965368,SMA,Swasta,"-6.939795343493674, 107.71199915807045",,,,,,
1,SMA Kuntum Cemerlang,69895412,SMA,Swasta,"-6.861653891835802, 107.60498930141426",,,,,,
1,SMAK GAMALIEL,20253894,SMA,Swasta,"-6.919207907652878, 107.59701905812875",,,,,,
1,SMAN 27 BANDUNG,20265516,SMA,Negeri,"-6.958634251950449, 107.70740013025629",,,,,,
1,SMAS ALLOYSIUS 2,20219262,SMA,Swasta,"-6.874924680593086, 107.59704137767298",,,,,,
2,SMAN 19 BANDUNG,20219246,SMA,Negeri,"-6.872864111077751, 107.61736518400029",,,,,,
2,SMAN 7 BANDUNG,20219316,SMA,Negeri,"-6.922671322236968, 107.61550389205041",,,,,,
2,SMAN 4 BANDUNG,20219312,SMA,Negeri,"-6.918241190628289, 107.5988430017864",,,,,,
2,SMAN 9 BANDUNG,20219324,SMA,Negeri,"-6.900351078338678, 107.58650173905077",,,,,,
2,SMAN 14 BANDUNG,20219239,SMA,Negeri,"-6.902266671351678, 107.63726853532461",,,,,,
2,SMA Citra Cemara,70024550,SMA,Swasta,"-6.918589693004781, 107.57580120213997",,,,,,
2,SMAS MUTIARA BUNDA,20258092,SMA,Swasta,"-6.908069848374639, 107.67089731090337",,,,,,
2,SMAS BAITURRAHMAN,20247287,SMA,Swasta,"-6.90769437300637, 107.70735490048526",,,,,,
2,SMAN 16 BANDUNG,20219237,SMA,Negeri,"-6.925702025746385, 107.6571869252399",,,,,,
2,SMAS NUGRAHA BANDUNG,20219786,SMA,Swasta,"-6.950668041562904, 107.61275570138748",,,,,,
2,SMA Daarut Tauhiid Boarding School Putri,70029866,SMA,Swasta,"-6.863211400513094, 107.59140663341408",,,,,,
2,SMA PLUS INTAN AL-SALI,70051821,SMA,Swasta,"-6.912857281184989, 107.71827670046842",,,,,,
2,SMA AL KENZIE,70006693,SMA,Swasta,"-6.957178927305871, 107.6593726356185",,,,,,
2,SMKN 13 BANDUNG,20219161,SMK,Negeri,"-6.938373641960615, 107.65724196404578",,,,,,
2,SMAS MUHAMMADIYAH 2,20219806,SMA,Swasta,"-6.903958525876172, 107.68099663617481",,,,,,
2,SMAS PGRI 1 BANDUNG,20219780,SMA,Swasta,"-6.89171257414426, 107.59044842697023",,,,,,
2,SMA PELITA FAJAR,69991690,SMA,Swasta,"-6.919106579803634, 107.58964723024275",,,,,,
2,SMAS AL HADI,20219757,SMA,Swasta,"-6.9031712566586165, 107.6685720656343",,,,,,
2,SMA PGII 2,20219781,SMA,Swasta,"-6.900538008432415, 107.63418045325561",,,,,,
2,Sekolah Menengah Atas Kristen (SMAK) BPK Penabur Banda,70028130,SMA,Swasta,"-6.905446174689979, 107.61639507969086",,,,,,
2,SMAK BPK PENABUR SINGGASANA,70012920,SMA,Swasta,"-6.953618496368962, 107.59974728900899",,,,,,
2,SMAN 5 BANDUNG,20219309,SMA,Negeri,"-6.911405631224081, 107.6144985418379",,,,,,
2,SMA INTELIGENSIA,70011502,SMA,Swasta,"-6.903255669269694, 107.62822577322449",,,,,,
2,SMAS BUNGA BANGSA BANDUNG,20219721,SMA,Swasta,"-6.862837645093804, 107.62142857853884",,,,,,
2,SMAS PELITA BANGSA,20219784,SMA,Swasta,"-6.942071732760354, 107.6497520482218",,,,,,
2,SMA Al-Ihsan Cimencrang Bandung,70032509,SMA,Swasta,"-6.943643221634391, 107.70738736098029",,,,,,
3,SMAN 2 BANDUNG,20219254,SMA,Negeri,"-6.888647805237674, 107.60360896591479",,,,,,
3,SMAN 8 BANDUNG,20219326,SMA,Negeri,"-6.938103802088673, 107.62813888054188",,,,,,
3,SMA KRISTEN BPPK,20219810,SMA,Swasta,"-6.915411161464777, 107.60060249608885",,,,,,
3,SMAS ANGKASA,20219756,SMA,Swasta,"-6.90520457739026, 107.5846280032345",,,,,,
3,SMAS YAS BANDUNG,20219277,SMA,Swasta,"-6.900041360866873, 107.64802670048033",,,,,,
3,SMAS PASUNDAN 4 BANDUNG,20219764,SMA,Swasta,"-6.915329054463692, 107.57262488627612",,,,,,
3,SMAS PLUS AL GHIFARI BANDUNG,20219776,SMA,Swasta,"-6.921305711340901, 107.68693988880119",,,,,,
3,SMAS DARUL QUR AN,20272023,SMA,Swasta,"-6.181837383398313, 106.69251403266992",,,,,,
3,SMA SANTA MARIA 2,20219264,SMA,Swasta,"-6.907465794281067, 107.65260818912581",,,,,,
3,SMAS PASUNDAN 1 BANDUNG,20219767,SMA,Swasta,"-6.922616598296324, 107.60841066683946",,,,,,
3,SMA KARTIKA XIX-2,20219725,SMA,Swasta,"-6.864508404736947, 107.58932770061188",,,,,,
3,SMAS AL ISLAM,20265517,SMA,Swasta,"-6.909098431827745, 107.72517649238145",,,,,,
3,SMA AL-KAUTSAR LABSCHOOL,70053054,SMA,Swasta,"-6.949084327649264, 107.64591526485819",,,,,,
3,SMKN 14 BANDUNG,20219160,SMK,Negeri,"-6.9621158993506675, 107.65738324122466",,,,,,
3,SMAS PURAGABAYA,20219521,SMA,Swasta,"-6.895130670712309, 107.5938465538444",,,,,,
3,SMAS JEND SUDIRMAN BANDUNG,20246324,SMA,Swasta,"-6.932378285957283, 107.59286541029358",,,,,,
3,SMAS PMB,20219762,SMA,Swasta,"-6.902682575773923, 107.68143983683497",,,,,,
3,SMAS SUMATRA 40-1,20247281,SMA,Swasta,"-6.899217706560104, 107.63641600793146",,,,,,
3,SMAS ALFA CENTAURI,20265518,SMA,Swasta,"-6.900791454705207, 107.6262633496501",,,,,,
3,SMAS BINTANG MULIA,20269170,SMA,Swasta,"-6.954275958274035, 107.60304073477036",,,,,,
3,SMA EDU GLOBAL,69946479,SMA,Swasta,"-6.895995334775366, 107.61497221347712",,,,,,
3,SMAS GUNA DHARMA,20219718,SMA,Swasta,"-6.917515689354485, 107.70835563507666",,,,,,
3,SMAS KRISTEN HIDUP BARU,20219796,SMA,Swasta,"-6.864813914222176, 107.60741038518783",,,,,,
3,SMA EL FITRA,70032579,SMA,Swasta,"-6.938307708383207, 107.6815763154409",,,,,,
4,SMA AL FALAH KOTA BANDUNG,20219758,SMA,Swasta,"-6.8825719497316875, 107.61546862109533",,,,,,
4,SMA DARUL HIKAM INTEGRATED SCHOOL,70052371,SMA,Swasta,"-6.9007620057953885, 107.62521107336315",,,,,,
4,SMA PELITA NUSANTARA,69882370,SMA,Swasta,"-6.901373073003133, 107.56996109125782",,,,,,
4,SMAS BINA BHAKTI 1,20219731,SMA,Swasta,,,,,,,
4,SMAS YPKKP BANDUNG,20219273,SMA,Swasta,,,,,,,
4,SMAS KARYA PEMBANGUNAN 2,20219735,SMA,Swasta,,,,,,,
4,SMAS BINA DHARMA 2 BANDUNG,20219739,SMA,Swasta,,,,,,,
4,SMAS REHOBOTH,20219793,SMA,Swasta,,,,,,,
4,SMA TEMASEK INDEPENDENT SCHOOL,69935558,SMA,Swasta,,,,,,,
4,SMAS BPN,20219723,SMA,Swasta,,,,,,,
4,SMAS ISTIQAMAH,20274909,SMA,Swasta,,,,,,,
4,SMKN 7 BANDUNG,20219141,SMK,Negeri,,,,,,,
4,SMA BANDUNG INDEPENDENT SCHOOL,69850868,SPK SMA,Swasta,,,,,,,
4,SMAS NUSANTARA,20219785,SMA,Swasta,,,,,,,
4,SMAS PRIBADI,20253836,SPK SMA,Swasta,,,,,,,
4,SMAS ALLOYSIUS 1,20219263,SMA,Swasta,,,,,,,
4,SMAS KALAM KUDUS,20219795,SMA,Swasta,,,,,,,
4,SMAS ADVENT,20219751,SMA,Swasta,,,,,,,
4,SMAS NUSANTARA 1,20219771,SMA,Swasta,,,,,,,
5,SMA PGII 1,20219782,SMA,Swasta,,,,,,,
5,SMAS BPI 1 BANDUNG,20219738,SMA,Swasta,,,,,,,
5,SMAS ADVENT CIMINDI BANDUNG,20219760,SMA,Swasta,,,,,,,
5,SMAS BINA BHAKTI 2,20219729,SMA,Swasta,,,,,,,
5,SMAS PGRI 3,20265521,SMA,Swasta,,,,,,,
5,SMAS PLUS MUTHAHHARI,20219775,SMA,Swasta,,,,,,,
5,SMAS SEBELAS MARET,20219261,SMA,Swasta,,,,,,,
5,SMAS BINA DHARMA 1 BANDUNG,20219752,SMA,Swasta,,,,,,,
5,SMAS KIFAYATUL ACHYAR,20219732,SMA,Swasta,,,,,,,
5,SMAS PGRI 2,20219779,SMA,Swasta,,,,,,,
5,SMKN 9 BANDUNG,20219139,SMK,Negeri,,,,,,,
5,SMAS PAHLAWAN TOHA,20219770,SMA,Swasta,,,,,,,
5,SMAS KARTIKA XIX-1,20219727,SMA,Swasta,,,,,,,
5,SMAS PLUS PARIWISATA,20265522,SMA,Swasta,,,,,,,
5,SMAS KARTIKA XIX-3,20219726,SMA,Swasta,,,,,,,
5,SMA Global Prestasi Bandung,69953506,SPK SMA,Swasta,,,,,,,
6,SMAIT MIFTAHUL KHOIR,20219716,SMA,Swasta,,,,,,,
6,SMAS KEMALA BHAYANGKARI,20219733,SMA,Swasta,,,,,,,
6,SMAS BPK 3 PENABUR BANDUNG,20219715,SMA,Swasta,,,,,,,
6,SMAS BPK 1 PENABUR BANDUNG,20219730,SMA,Swasta,,,,,,,
6,SMAS LABORATORIUM - PERCONTOHAN UPI,20219790,SMA,Swasta,,,,,,,
6,SMAS KRIDA NUSANTARA,20219270,SMA,Swasta,,,,,,,
6,SMK BUMI SILIWANGI,20219284,SMK,Swasta,,,,,,,
6,SMAS PASUNDAN 9 BANDUNG,20253086,SMA,Swasta,,,,,,,
6,SMAS ST MARIA 1 BANDUNG,20219265,SMA,Swasta,,,,,,,
6,SMAS YPS,20219275,SMA,Swasta,,,,,,,
6,SMAS ST ANGELA,20219266,SMA,Swasta,,,,,,,
7,SMAS 19 BUMI SIL,20219749,SMA,Swasta,,,,,,,
7,SMAS MAARIF BANDUNG,20219800,SMA,Swasta,,,,,,,
7,SMAS LPPN,20219799,SMA,Swasta,,,,,,,
7,SMAS BPK 2 PENABUR,20219728,SMA,Swasta,,,,,,,
7,SMAS PASUNDAN 5 BANDUNG,20219763,SMA,Swasta,,,,,,,
7,SMAS MUHAMMADIYAH 4,20219804,SMA,Swasta,,,,,,,
7,SMKS PGRI BANDUNG,20219154,SMK,Swasta,,,,,,,
7,SMAS SWADAYA BANDUNG,20219259,SMA,Swasta,,,,,,,
7,SMAS TARUNA BAKTI,20219269,SMA,Swasta,,,,,,,
7,SMA Nehru Memorial School,69895438,SPK SMA,Swasta,,,,,,,
8,SMAS DARUL HIKAM BANDUNG,20219720,SMA,Swasta,,,,,,,
8,SMAS MEDINA BANDUNG,20219808,SMA,Swasta,,,,,,,
8,SMAS MUTIARA 1,20219801,SMA,Swasta,,,,,,,
8,SMAS KRISTEN PAULUS,20219794,SMA,Swasta,,,,,,,
8,SMKS SETIA BHAKTI,20265543,SMK,Swasta,,,,,,,
8,SMAS YAHYA,20219791,SMA,Swasta,,,,,,,
9,SMAS KEMAH IND 2,20219734,SMA,Swasta,,,,,,,
9,SMAS MUHAMMADIYAH 1,20219807,SMA,Swasta,,,,,,,
9,SMAS MUTIARA 2 BANDUNG,20219787,SMA,Swasta,,,,,,,
9,SMAS TRI MULIA,20219792,SMA,Swasta,,,,,,,
10,SMAS KRISTEN DAGO,20219797,SMA,Swasta,,,,,,,
10,SMAS MUHAMMADIYAH 3,20219805,SMA,Swasta,,,,,,,
10,SMAS PASUNDAN 3 BANDUNG,20219765,SMA,Swasta,,,,,,,
10,SMAS YPI,20219274,SMA,Swasta,,,,,,,
11,SMAS NASIONAL,20247286,SMA,Swasta,,,,,,,
11,SMAS TAMAN SISWA BANDUNG,20219268,SMA,Swasta,,,,,,,
11,SMAS PASUNDAN 7 BANDUNG,20219773,SMA,Swasta,,,,,,,
12,SMAS PASUNDAN 2 BANDUNG,20219766,SMA,Swasta,,,,,,,
12,SMAS RAJAWALI,20219267,SMA,Swasta,,,,,,,
13,SMAS PASUNDAN 8 BANDUNG,20219774,SMA,Swasta,,,,,,,
13,SMAS TRINITAS BANDUNG,20219279,SMA,Swasta,,,,,,,
14,SMAS YWKA,20219272,SMA,Swasta,No,Nama Sekolah,NPSN,BP,Status,Last Sync,Latitude & Longitude
1,SMP NEGERI 19,20219348,SMP,Negeri,"-6.885711387497362, 107.62177992677826",,,,,,
1,SMP NEGERI 13,20219339,SMP,Negeri,"-6.932422529716546, 107.6221365634384",,,,,,
1,SMP NEGERI 23,20219328,SMP,Negeri,"-6.914538039708762, 107.58935128058786",,,,,,
1,SMP NEGERI 1,20219337,SMP,Negeri,"-6.911533026572882, 107.59666676755354",,,,,,
1,SMP NEGERI 22,20219342,SMP,Negeri,"-6.911672823181734, 107.63371660803456",,,,,,
1,SMP NEGERI 55,69963624,SMP,Negeri,"-6.940330487822251, 107.55781072152877",,,,,,
1,SMP NEGERI 17,20219350,SMP,Negeri,"-6.90621272035827, 107.67311375405976",,,,,,
1,SMP NEGERI 50,20219378,SMP,Negeri,"-6.90714367373339, 107.69718206570545",,,,,,
1,SMP NEGERI 30,20219411,SMP,Negeri,"-6.935029662655961, 107.64465778814952",,,,,,
1,SMP NEGERI 10,20219332,SMP,Negeri,"-6.928960979778329, 107.60571919454118",,,,,,
1,SMP NEGERI 12,20219330,SMP,Negeri,"-6.864707778596851, 107.5933441672328",,,,,,
1,SMP NEGERI 46,20219383,SMP,Negeri,"-6.915321578972691, 107.72509129638907",,,,,,
1,SMP NEGERI 18,20219349,SMP,Negeri,"-6.9515484936774685, 107.64158607919974",,,,,,
1,SMP NEGERI 45,20219384,SMP,Negeri,"-6.921563528301925, 107.65990450803478",,,,,,
1,SMP NEGERI 21,20219343,SMP,Negeri,"-6.943279504844511, 107.5801594800334",,,,,,
1,SMP NEGERI 26,20219408,SMP,Negeri,"-6.882422756562475, 107.57739876385692",,,,,,
1,SMP NEGERI 24,20219410,SMP,Negeri,"-6.936178135263332, 107.58672563687045",,,,,,
1,SMP NEGERI 20,20219344,SMP,Negeri,"-6.918992325576219, 107.62598635036387",,,,,,
1,SMP NEGERI 48,20219381,SMP,Negeri,"-6.964547276138787, 107.66574975431563",,,,,,
1,SMP NEGERI 53,69775307,SMP,Negeri,"-6.899034967796887, 107.68090743686989",,,,,,
1,SMP NEGERI 16,20219351,SMP,Negeri,"-6.899307514509958, 107.64228070803432",,,,,,
1,SMP NEGERI 14,20219340,SMP,Negeri,"-6.907982723164513, 107.63040022337623",,,,,,
1,SMP NEGERI 38,20251907,SMP,Negeri,"-6.958105498601359, 107.59149436755425",,,,,,
1,SMP NEGERI 2,20219347,SMP,Negeri,"-6.913721879960142, 107.61383856570541",,,,,,
1,SMP NEGERI 56,69963625,SMP,Negeri,"-6.92384286546949, 107.70514518152126",,,,,,
1,SMP NEGERI 52,20219389,SMP,Negeri,"-6.860445900804734, 107.60640563871735",,,,,,
1,SMP NEGERI 25,20219409,SMP,Negeri,"-6.925339830258756, 107.60084489269308",,,,,,
1,SMP NEGERI 54,69894966,SMP,Negeri,"-6.957892146806031, 107.7064264540606",,,,,,
1,SMP NEGERI 34,20219421,SMP,Negeri,"-6.950225893190069, 107.62600112337688",,,,,,
1,SMP PGRI 9,20219492,SMP,Swasta,"-6.940568338580727, 107.6916196215287",,,,,,
2,SMP NEGERI 35,20219420,SMP,Negeri,"-6.874428107365522, 107.61702370988206",,,,,,
2,SMP NEGERI 28,20219406,SMP,Negeri,"-6.9375408365884415, 107.62616839454132",,,,,,
2,SMP NEGERI 32,20219413,SMP,Negeri,"-6.915285629740308, 107.59097608289535",,,,,,
2,SMP NEGERI 47,20219382,SMP,Negeri,"-6.889919471413776, 107.5588561522115",,,,,,
2,SMP NEGERI 27,20219407,SMP,Negeri,"-6.904782668601836, 107.63453146570538",,,,,,
2,SMP NEGERI 57,69963626,SMP,Negeri,"-6.937047439238129, 107.55342539269327",,,,,,
2,SMP BAHTERA,20280583,SMP,Swasta,"-6.920983428001425, 107.67153970803471",,,,,,
2,SMP NEGERI 8,20219396,SMP,Negeri,"-6.91298737302934, 107.70177888104723",,,,,,
2,SMP NEGERI 37,20219418,SMP,Negeri,"-6.925725632641644, 107.65620896385764",,,,,,
2,SMP NEGERI 11,20219331,SMP,Negeri,"-6.934567784009752, 107.6079850080349",,,,,,
2,SMP NEGERI 15,20219341,SMP,Negeri,"-6.8741768487235015, 107.59565535221121",,,,,,
2,SMP NEGERI 71,70008563,SMP,Negeri,"-6.921588732151063, 107.7148721368702",,,,,,
2,SMP NEGERI 42,20219399,SMP,Negeri,"-6.956884062851495, 107.67192721365248",,,,,,
2,SMP NEGERI 49,20219380,SMP,Negeri,"-6.907312968046737, 107.65802277919911",,,,,,
2,SMP NEGERI 36,20219419,SMP,Negeri,"-6.942136240025164, 107.5739606791996",,,,,,
2,SMP NEGERI 64,70007965,SMP,Negeri,"-6.891039309871192, 107.58017926385719",,,,,,
2,SMP NEGERI 33,20219422,SMP,Negeri,"-6.9280293821464385, 107.58956262152854",,,,,,
2,SMP NEGERI 31,20219412,SMP,Negeri,"-6.938277838544802, 107.6404133368704",,,,,,
2,SMP NEGERI 51,20219388,SMP,Negeri,"-6.9644523976139086, 107.68011802337715",,,,,,
2,SMP NEGERI 59,69989951,SMP,Negeri,"-6.900441168491427, 107.6595427657053",,,,,,
2,SMP NEGERI 63,69989955,SMP,Negeri,"-6.899866921593742, 107.62956833686975",,,,,,
2,SMP NEGERI 40,20219401,SMP,Negeri,"-6.905415032001535, 107.60665768289522",,,,,,
2,SMP BINTANG MULIA,20269169,SMP,Swasta,"-6.954119095499439, 107.60183642337711",,,,,,
2,SMP NEGERI 5,20219379,SMP,Negeri,"-6.914582026280825, 107.61429145221183",,,,,,
2,SMP NEGERI 58,70007964,SMP,Negeri,"-6.925359780822697, 107.6877649638576",,,,,,
2,SMP AL HUSAINIYYAH,20219191,SMP,Swasta,"-6.879950058384397, 107.60656323686952",,,,,,
2,SMP GANESHA,20219473,SMP,Swasta,"-6.938818436753714, 107.6060087522122",,,,,,
2,SMP NEGERI 66,70008558,SMP,Negeri,"-6.942768839945681, 107.68385736755401",,,,,,
2,SMP MADYA,20219436,SMP,Swasta,"-6.950351293234561, 107.6397621810478",,,,,,
2,SMP THARIIQUL JANNAH,60726085,SMP,Swasta,"-6.926612030918225, 107.68943806385758",,,,,,
3,SMP NEGERI 69,70008561,SMP,Negeri,"-6.881700516931821, 107.60946175221133",,,,,,
3,SMP ALFA CENTAURI,20280601,SMP,Swasta,"-6.927589631425073, 107.62343919454115",,,,,,
3,SMP NEGERI 41,20219400,SMP,Negeri,"-6.915135126542135, 107.59007023687009",,,,,,
3,SMP NEGERI 68,70008560,SMP,Negeri,"-6.891492358809467, 107.57873979454062",,,,,,
3,SMP NEGERI 61,69989953,SMP,Negeri,"-6.902744765377331, 107.64799919454084",,,,,,
3,SMP BPK PENABUR HOLIS,20219196,SMP,Swasta,"-6.939264587244492, 107.56469718104766",,,,,,
3,SMP BINAHARAPAN,20219194,SMP,Swasta,"-6.915602326762877, 107.68658006755366",,,,,,
3,SMP AL-KHULAFA,69967264,SMP,Swasta,"-6.912183770894964, 107.70866185036364",,,,,,
3,SMP AR RAFI DRAJAT,69985784,SMP,Swasta,"-6.940873639540635, 107.6464200657059",,,,,,
3,SMP NEGERI 3,20219404,SMP,Negeri,"-6.928917080695055, 107.60560153687034",,,,,,
3,SMP NEGERI 29,20219405,SMP,Negeri,"-6.8605880528811385, 107.58635330803375",,,,,,
3,SMP AL ISLAM,60725413,SMP,Swasta,"-6.909037478275845, 107.72307319638888",,,,,,
3,SMP AL KENZIE,70005213,SMP,Swasta,"-6.95499039461746, 107.64780232152891",,,,,,
3,SMP MUHAMMADIYAH 5,20219440,SMP,Swasta,"-6.924623782741211, 107.65527453871817",,,,,,
3,SMP NEGERI 39,20219417,SMP,Negeri,"-6.942262440073621, 107.56874203502242",,,,,,
3,SMP NEGERI 74,70008575,SMP,Negeri,"-6.886110461419815, 107.59177859454049",,,,,,
3,SMP JENDERAL SUDIRMAN,20252350,SMP,Swasta,"-6.932699083687709, 107.59270303871844",,,,,,
3,SMP NEGERI 4,20219416,SMP,Negeri,"-6.920965078788511, 107.6260218871585",,,,,,
3,SMP NEGERI 65,70007926,SMP,Negeri,"-6.9665150486441, 107.66686478289618",,,,,,
3,SMP AL HADI BANDUNG,20219193,SMP,Swasta,"-6.903968087663498, 107.66735623495369",,,,,,
3,SMP BINA SARANA CENDEKIA,69946751,SMP,Swasta,,,,,,,
3,SMP NEGERI 44,20219385,SMP,Negeri,,,,,,,
3,SMP HARAPAN KASIH,69947366,SMP,Swasta,,,,,,,
3,SMP ADVENT NARIPAN,20219221,SMP,Swasta,,,,,,,
3,SMP NEGERI 72,70007927,SMP,Negeri,,,,,,,
3,SMP BUNGA BANGSA,20219201,SMP,Swasta,,,,,,,
3,SMP GRACIA,20258520,SMP,Swasta,,,,,,,
3,SMP AL-IHSAN CIMENCRANG,69974577,SMP,Swasta,,,,,,,
3,SMP SANTO ALOYSIUS 2,20219361,SMP,Swasta,,,,,,,
4,SMP ADVENT II BANDUNG,20219207,SMP,Swasta,,,,,,,
4,SMP BPI 1,20219195,SMP,Swasta,,,,,,,
4,SMP NEGERI 6,20219398,SMP,Negeri,,,,,,,
4,SMP NEGERI 9,20219394,SMP,Negeri,,,,,,,
4,SMP ITQAN ISLAMIC SCHOOL,70042864,SMP,Swasta,,,,,,,
4,SMP BPPI BOJONG,20219202,SMP,Swasta,,,,,,,
4,SMP BINTANG MADANI,69985720,SMP,Swasta,,,,,,,
4,SMP DAARUL QURAN,20279855,SMP,Swasta,,,,,,,
4,SMP BINA DHARMA 2,20251919,SMP,Swasta,,,,,,,
4,SMP NEGERI 43,20219386,SMP,Negeri,,,,,,,
4,SMP NEGERI 70,70008562,SMP,Negeri,,,,,,,
4,SMP BANDUNG INSTITUT,20219186,SMP,Swasta,,,,,,,
4,SMP AL-KAUTSAR LABSCHOOL,70044626,SMP,Swasta,,,,,,,
4,SMP MUHAMMADIYAH 8,20219438,SMP,Swasta,,,,,,,
4,SMP NEGERI 73,70007928,SMP,Negeri,,,,,,,
4,SMP INDONESIA RAYA,20219454,SMP,Swasta,,,,,,,
4,SMP NUSANTARA,20219500,SMP,Swasta,,,,,,,
4,SMP NEGERI 62,69989954,SMP,Negeri,,,,,,,
4,SMP ISLAM TERPADU AL FITRAH,70042865,SMP,Swasta,,,,,,,
4,SMP TUNAS UNGGUL,60724618,SMP,Swasta,,,,,,,
4,SMP ISLAM TERPADU AL-IRSYAD,70003596,SMP,Swasta,,,,,,,
4,SMP NEGERI 7,20219397,SMP,Negeri,,,,,,,
4,SMP KRISTEN BPK PENABUR SINGGASANA,69907014,SMP,Swasta,,,,,,,
4,SMP BANDUNG ISLAMIC SCHOOL,70031987,SMP,Swasta,,,,,,,
4,SMP AL BIRUNI CERDAS MULIA,60726014,SMP,Swasta,,,,,,,
4,SMP KRISTEN HIDUP BARU,20219469,SMP,Swasta,,,,,,,
4,SMP KRISTEN GAMALIEL,20253821,SMP,Swasta,,,,,,,
4,SMP EL FITRA,70004885,SMP,Swasta,,,,,,,
5,SMP AL FALAH,20219206,SMP,Swasta,,,,,,,
5,SMP ISLAM AL-AZHAR 36,69953867,SMP,Swasta,,,,,,,
5,SMP NEGERI 67,70008559,SMP,Negeri,,,,,,,
5,SMP ANGKASA LANUD HUSEIN SASTRANEGARA,20219189,SMP,Swasta,,,,,,,
5,SMP LANGLANGBUANA 1,20219428,SMP,Swasta,,,,,,,
5,SMP CITRA CEMARA,69894450,SMP,Swasta,,,,,,,
5,SMP ISLAM CENDEKIA MUDA,20270078,SMP,Swasta,,,,,,,
5,SMP GANTRA,20219460,SMP,Swasta,,,,,,,
5,SMP IGNATIUS SLAMET RIYADI,20219455,SMP,Swasta,,,,,,,
5,SMP NEGERI 60,69989952,SMP,Negeri,,,,,,,
5,SMP BINA DHARMA 3,20219185,SMP,Swasta,,,,,,,
5,SMP MUSLIMIN 5,20219506,SMP,Swasta,,,,,,,
5,SMP ISLAM AL WASLIYAH,20219190,SMP,Swasta,,,,,,,
5,SMP NURUL HIDAYAH,69931767,SMP,Swasta,,,,,,,
5,SMP NEGERI 75,70007929,SMP,Negeri,,,,,,,
5,SMP MUHAMMADIYAH 6,20219439,SMP,Swasta,,,,,,,
5,SMP PAHLAWAN TOHA,20219508,SMP,Swasta,,,,,,,
5,SMP AISYIYAH BOARDING SCHOOL,69967036,SMP,Swasta,,,,,,,
5,SMP ISTIQAMAH,20219452,SMP,Swasta,,,,,,,
5,SMP BPK PENABUR BANDA,69952844,SMP,Swasta,,,,,,,
5,SMP KRISTEN KALAM KUDUS,20219468,SMP,Swasta,,,,,,,
5,SMP BPP,20219203,SMP,Swasta,,,,,,,
5,SMP AL HASAN,20219192,SMP,Swasta,,,,,,,
5,SMP KUNTUM CEMERLANG,69895404,SMP,Swasta,,,,,,,
5,SMP PELITA BANGSA,20219482,SMP,Swasta,,,,,,,
5,SMP ISLAM AL AZHAR 42 SUMMARECON BANDUNG,70044650,SMP,Swasta,,,,,,,
6,SMP ALAM BANDUNG,69967172,SMP,Swasta,,,,,,,
6,SMP KARTIKA X-1,20219448,SMP,Swasta,,,,,,,
6,SMP ADVENT CIMINDI,20219208,SMP,Swasta,,,,,,,
6,SMP HIKMAH TELADAN,60726214,SMP,Swasta,,,,,,,
6,SMP MUHAMMADIYAH 3,20219442,SMP,Swasta,,,,,,,
6,SMP PASUNDAN 7,20219498,SMP,Swasta,,,,,,,
6,SMP ISLAM TERPADU LUQMANUL HAKIM,69991119,SMP,Swasta,,,,,,,
6,SMP GEMA PANCASILA,20219459,SMP,Swasta,,,,,,,
6,SMP NUSANTARA RAYA,20219499,SMP,Swasta,,,,,,,
6,SMP ASSALAAM,20219187,SMP,Swasta,,,,,,,
6,SMP DAARUT TAUHIID BOARDING SCHOOL,69895381,SMP,Swasta,,,,,,,
6,SMP PLUS INTAN AL-SALI,70003597,SMP,Swasta,,,,,,,
6,SMP PGRI 7,20219495,SMP,Swasta,,,,,,,
6,SMP PGRI 8,20219494,SMP,Swasta,,,,,,,
6,SMP MUTIARA 3,20219504,SMP,Swasta,,,,,,,
6,SMP SEMI PALAR,69942302,SMP,Swasta,,,,,,,
6,SMP PASUNDAN 5,20219512,SMP,Swasta,,,,,,,
6,SMP PGRI 1,20219476,SMP,Swasta,,,,,,,
6,SMP PASUNDAN 8,20219497,SMP,Swasta,,,,,,,
6,SMP KRISTEN BAPTIS,20219471,SMP,Swasta,,,,,,,
6,SMP MUHAMMADIYAH 7,60726482,SMP,Swasta,,,,,,,
6,SMP EDU GLOBAL,69946478,SMP,Swasta,,,,,,,
6,SMP GUNA DHARMA,20219458,SMP,Swasta,,,,,,,
6,SMP PGRI 2,20219475,SMP,Swasta,,,,,,,
6,SMP YAMI,20219374,SMP,Swasta,,,,,,,
7,SMP DARUL HIKAM,20219198,SMP,Swasta,,,,,,,
7,SMP KEMALA BHAYANGKARI,20219431,SMP,Swasta,,,,,,,
7,SMP BODHI SINAR TERANG,70012579,SMP,Swasta,,,,,,,
7,SMP KRISTEN 1 BINA BAKTI,20219451,SMP,Swasta,,,,,,,
7,SMP PELITA,20219483,SMP,Swasta,,,,,,,
7,SMP PLUS SINDANG RESMI,20219489,SMP,Swasta,,,,,,,
7,SMP LANGLANGBUANA 2,20219427,SMP,Swasta,,,,,,,
7,SMP KARYA PEMBANGUNAN 10,20219433,SMP,Swasta,,,,,,,
7,SMP SANTO YUSUP,20219360,SMP,Swasta,,,,,,,
7,SMP DEWI SARTIKA,20219197,SMP,Swasta,,,,,,,
7,SMP KARTIKA XIX-2,20219449,SMP,Swasta,,,,,,,
7,SMP SETIA BHAKTI,69774738,SMP,Swasta,,,,,,,
7,SMP PASUNDAN 9,20219496,SMP,Swasta,,,,,,,
7,SMP BANDUNG INDEPENDENT SCHOOL,69850866,SPK SMP,Swasta,,,,,,,
7,SMP PELITA FAJAR,69946483,SMP,Swasta,,,,,,,
7,SMP PGRI 3,20219484,SMP,Swasta,,,,,,,
7,SMP PGII 2,20219477,SMP,Swasta,,,,,,,
7,SMP KRISTEN YAHYA,20219464,SMP,Swasta,,,,,,,
7,SMP YP SEJATI,20219367,SMP,Swasta,,,,,,,
7,SMP KARTIKA XIX-1,20219450,SMP,Swasta,,,,,,,
7,SMP INTELIGENSIA,70007903,SMP,Swasta,,,,,,,
7,SMP GLOBAL PRESTASI BANDUNG,69904075,SPK SMP,Swasta,,,,,,,
8,SMP KEMAH INDONESIA 4,20219432,SMP,Swasta,,,,,,,
8,SMP KRISTEN 4 BPK PENABUR,20219463,SMP,Swasta,,,,,,,
8,SMP KIANSANTANG,20219430,SMP,Swasta,,,,,,,
8,SMP KRISTEN 1 BPK PENABUR,20219461,SMP,Swasta,,,,,,,
8,SMP YAYASAN ATIKAN SUNDA,20219372,SMP,Swasta,,,,,,,
8,SMP YPKKP,20219353,SMP,Swasta,,,,,,,
8,SMP MUHAMMADIYAH 9,20219425,SMP,Swasta,,,,,,,
8,SMP NAJIB BARIQ,70034886,SMP,Swasta,,,,,,,
8,SMP VIJAYA KUSUMA,20252187,SMP,Swasta,,,,,,,
8,SMP KRISTEN REHOBOTH,20219466,SMP,Swasta,,,,,,,
8,SMP LABORATORIUM-PERCONTOHAN UPI,20219429,SMP,Swasta,,,,,,,
8,SMP TULUS KARTIKA,20219365,SMP,Swasta,,,,,,,
8,SMP SWADAYA 1,20219358,SMP,Swasta,,,,,,,
8,SMP YPU,20219352,SMP,Swasta,,,,,,,
8,SMP SUMATERA 40,20219359,SMP,Swasta,,,,,,,
8,SMP PERTIWI,20219479,SMP,Swasta,,,,,,,
8,SMP YUDHISTIRA,69725735,SMP,Swasta,,,,,,,
8,SMP SANTA ANGELA,20219376,SMP,Swasta,,,,,,,
8,SMP ISLAM TERPADU AR-RIFQI,70042446,SMP,Swasta,,,,,,,
9,SMP NASIONAL,20219502,SMP,Swasta,,,,,,,
9,SMP MAARIF,20219435,SMP,Swasta,,,,,,,
9,SMP KRISTEN 5 BPK PENABUR,20219472,SMP,Swasta,,,,,,,
9,SMP KRISTEN 2 BINA BAKTI,20219462,SMP,Swasta,,,,,,,
9,SMP MUTIARA BUNDA,20258091,SMP,Swasta,,,,,,,
9,SMP PGRI 10,20219491,SMP,Swasta,,,,,,,
9,SMP NUGRAHA,20219501,SMP,Swasta,,,,,,,
9,SMP MIFTAHUL IMAN,20219447,SMP,Swasta,,,,,,,
9,SMP SWADAYA 2,20219357,SMP,Swasta,,,,,,,
9,SMP PRIBADI,20254287,SPK SMP,Swasta,,,,,,,
9,SMP SANTA MARIA,20219363,SMP,Swasta,,,,,,,
9,SMP SANTO YUSUP 2,69978668,SMP,Swasta,,,,,,,
9,SMP ISLAM TERPADU SAINS AL BIRUNI,70051764,SMP,Swasta,,,,,,,
10,SMP PASUNDAN 3,20219514,SMP,Swasta,,,,,,,
10,SMP MUHAMMADIYAH 1,20219446,SMP,Swasta,,,,,,,
10,SMP KRISTEN BALA KESELAMATAN,20269707,SMP,Swasta,,,,,,,
10,SMP KRISTEN BPPK,20219470,SMP,Swasta,,,,,,,
10,SMP PLUS AL GHIFARI,20219490,SMP,Swasta,,,,,,,
10,SMP PLUS BAITURRAHMAN,20254716,SMP,Swasta,,,,,,,
10,SMP PASUNDAN 1,20219518,SMP,Swasta,,,,,,,
10,SMP PASUNDAN 10,20219517,SMP,Swasta,,,,,,,
10,SMP SANTA URSULA,20247311,SMP,Swasta,,,,,,,
10,SMP WYATA DHARMA,20219375,SMP,Swasta,,,,,,,
10,SMP JUARA BANDUNG,60726518,SMP,Swasta,,,,,,,
11,SMP PGII 1,20219478,SMP,Swasta,,,,,,,
11,SMP MUSLIMIN 3,20219507,SMP,Swasta,,,,,,,
11,SMP LPPN,20219426,SMP,Swasta,,,,,,,
11,SMP KRISTEN PAULUS,20219467,SMP,Swasta,,,,,,,
11,SMP SURYA KENCANA BHAKTI,69895402,SMP,Swasta,,,,,,,
11,SMP QLP RABBANI BANDUNG,70037522,SMP,Swasta,,,,,,,
11,SMP PASUNDAN 2,20219515,SMP,Swasta,,,,,,,
11,SMP PASUNDAN 12,20219516,SMP,Swasta,,,,,,,
11,SMP SANTO ALOYSIUS,20219362,SMP,Swasta,,,,,,,
11,SMP NEHRU MEMORIAL SCHOOL,69883567,SPK SMP,Swasta,,,,,,,
11,SMP MUHAMMADIYAH 10,20219445,SMP,Swasta,,,,,,,
12,SMP PGRI 6,20219485,SMP,Swasta,,,,,,,
12,SMP PASUNDAN 6,20219511,SMP,Swasta,,,,,,,
12,SMP MUHAMMADIYAH 4,20219441,SMP,Swasta,,,,,,,
12,SMP KRISTEN TRIMULIA,20219465,SMP,Swasta,,,,,,,
12,SMP TAHFIZHUL QURAN AMANAH UMMAH,69895399,SMP,Swasta,,,,,,,
12,SMP TRIYASA,20219364,SMP,Swasta,,,,,,,
12,SMP SEBELAS MARET,20247312,SMP,Swasta,,,,,,,
12,SMP TEMASEK INDEPENDENT SCHOOL,69935557,SMP,Swasta,,,,,,,
12,SMP TARUNA BAKTI,20219355,SMP,Swasta,,,,,,,
12,SMP PLUS TEMARA ILMU,60728644,SMP,Swasta,,,,,,,
13,SMP SALMAN AL FARISI,20219424,SMP,Swasta,,,,,,,
13,SMP TAMANSISWA,20219356,SMP,Swasta,,,,,,,
13,SMP MUTIARA 1,20219505,SMP,Swasta,,,,,,,
13,SMP MUHAMMADIYAH 2,20219443,SMP,Swasta,,,,,,,
13,SMP YOS SUDARSO,20219368,SMP,Swasta,,,,,,,
14,SMP MUTIARA 4,20219503,SMP,Swasta,,,,,,,
14,SMP PANDU,20219510,SMP,Swasta,,,,,,,
15,SMP PAJAJARAN 1,20219509,SMP,Swasta,,,,,,,
15,SMP PGRI 4,20219493,SMP,Swasta,,,,,,,
16,SMP PASUNDAN 4,20219513,SMP,Swasta,,,,,,,
16,SMP YAQIN,20219373,SMP,Swasta,,,,,,,
17,SMP RAJAWALI,20219474,SMP,Swasta,,,,,,,
17,SMP YAYASAN BUDI BAKTI,20219371,SMP,Swasta,,,,,,,
18,SMP TERANG NUSANTARA,70034887,SMP,Swasta,,,,,,,
18,SMP YPI,20219354,SMP,Swasta,,,,,,,
19,SMP WARINGIN,20219366,SMP,Swasta,,,,,,,
20,SMP YWKA,20219338,SMP,Swasta,No,Nama Sekolah,NPSN,BP,Status,Last Sync,Latitude & Longitude
1,SDN 007 CIPAGANTI KOTA BANDUNG,20245525,SD,Negeri,"-6.894511165563448, 107.60273793686984",,,,,,
1,SDN 066 HALIMUN KOTA BANDUNG,20245031,SD,Negeri,"-6.927025881648785, 107.62457696570574",,,,,,
1,SDN 002 KARANGMULYA KOTA BANDUNG,20245212,SD,Negeri,"-6.912343626919164, 107.58037239454097",,,,,,
1,SDN 013 PASIRKALIKI KOTA BANDUNG,20245742,SD,Negeri,"-6.907651066340648, 107.59777729454086",,,,,,
1,SDN 022 CICADAS KOTA BANDUNG,20245153,SD,Negeri,"-6.9051540137609635, 107.64399699454079",,,,,,
1,SDN 011 CIBUNTU KOTA BANDUNG,20244743,SD,Negeri,"-6.918949425552091, 107.5760731080348",,,,,,
1,SDN 004 CISARANTEN KULON KOTA BANDUNG,20245530,SD,Negeri,"-6.924403227474856, 107.68356563871833",,,,,,
1,SDN 021 CIPOREAT KOTA BANDUNG,20245527,SD,Negeri,"-6.916952011672366, 107.7061878368535",,,,,,
1,SDN 017 SEKEJATI KOTA BANDUNG,20245760,SD,Negeri,"-6.940180886002792, 107.65296877919963",,,,,,
1,SDN 008 MOHAMAD TOHA KOTA BANDUNG,20245238,SD,Negeri,"-6.9299067857882335, 107.60656780803491",,,,,,
1,SDN 097 CIRATEUN KULON KOTA BANDUNG,20244855,SD,Negeri,"-6.84344274045181, 107.59775296570436",,,,,,
1,SDN 029 CILENGKRANG KOTA BANDUNG,20245494,SD,Negeri,"-6.91346432246533, 107.719526935022",,,,,,
1,SDN 006 BUAHBATU KOTA BANDUNG,20245122,SD,Negeri,"-6.951410293833066, 107.64072475221244",,,,,,
1,SDN 078 SINDANGSARI ANTAPANI KOTA BANDUNG,20245441,SD,Negeri,"-6.905880571179425, 107.66454400803453",,,,,,
1,SDN 005 BABAKAN CIPARAY KOTA BANDUNG,20245011,SD,Negeri,"-6.948672592676331, 107.5872861712503",,,,,,
1,SDN 018 SUKAGALIH KOTA BANDUNG,20245266,SD,Negeri,"-6.892494367156788, 107.5935503215279",,,,,,
1,SDN 099 BABAKAN TAROGONG KOTA BANDUNG,20244943,SD,Negeri,"-6.938247486169745, 107.59382829454134",,,,,,
1,SDN 028 GUMURUH KOTA BANDUNG,20244864,SD,Negeri,"-6.923461829285472, 107.63087629454112",,,,,,
1,SDN 069 CIPAMOKOLAN DERWATI KOTA BANDUNG,20245502,SD,Negeri,"-6.964664051372708, 107.68299300618732",,,,,,
1,SDN 009 CIKADUT KOTA BANDUNG,20245520,SD,Negeri,"-6.9034860126737305, 107.66565020803445",,,,,,
1,SDN 025 CIKUTRA KOTA BANDUNG,20245172,SD,Negeri,"-6.8931829649079805, 107.63724880988231",,,,,,
1,SDN 037 SABANG KOTA BANDUNG,20245285,SD,Negeri,"-6.908399832737974, 107.62087980803453",,,,,,
1,SDN 026 BOJONGLOA KOTA BANDUNG,20244953,SD,Negeri,"-6.948719292322922, 107.59402389454145",,,,,,
1,SDN 001 MERDEKA KOTA BANDUNG,20245231,SD,Negeri,"-6.915399328224887, 107.60976749638911",,,,,,
1,SDN 010 CIDADAP KOTA BANDUNG,20245138,SD,Negeri,"-6.864427554595525, 107.59449669269203",,,,,,
1,SDN 003 PAGARSIH KOTA BANDUNG,20245064,SD,Negeri,"-6.922618167199213, 107.59444220988277",,,,,,
1,SDN 086 CIMINCRANG KOTA BANDUNG,20245497,SD,Negeri,"-6.945787841241417, 107.70473167919965",,,,,,
1,SDN 040 PASAWAHAN KOTA BANDUNG,20245073,SD,Negeri,"-6.9573345951129815, 107.61302745193733",,,,,,
1,SDN 052 CISARANTEN WETAN GEDEBAGE KOTA BANDUNG,20245534,SD,Negeri,"-6.940535838143897, 107.6916829350224",,,,,,
1,SDN 105 SUKARELA KOTA BANDUNG,20245790,SD,Negeri,"-6.924247183748698, 107.70469102152849",,,,,,
2,SDN 024 COBLONG KOTA BANDUNG,20245546,SD,Negeri,"-6.879303458065963, 107.61663622152784",,,,,,
2,SDN 067 NILEM KOTA BANDUNG,20245050,SD,Negeri,"-6.93596548608449, 107.61982148104754",,,,,,
2,SDN 049 DURMAN KOTA BANDUNG,20245193,SD,Negeri,"-6.918174057647829, 107.59972451969698",,,,,,
2,SDN 015 KRESNA KOTA BANDUNG,20245706,SD,Negeri,"-6.909440416556142, 107.59284645221172",,,,,,
2,SDN 027 CICADAS KOTA BANDUNG,20245149,SD,Negeri,"-6.905725273096007, 107.64358225221164",,,,,,
2,SDN 014 CIGONDEWAH KOTA BANDUNG,20244836,SD,Negeri,"-6.934092685868105, 107.56342749269318",,,,,,
2,SDN 057 BINAHARAPAN KOTA BANDUNG,20245481,SD,Negeri,"-6.91595228229788, 107.6871108387181",,,,,,
2,SDN 036 UJUNGBERUNG KOTA BANDUNG,20245826,SD,Negeri,"-6.912780071243765, 107.70193535036368",,,,,,
2,SDN 038 KIARACONDONG KOTA BANDUNG,20245701,SD,Negeri,"-6.933077433513769, 107.64308457919944",,,,,,
2,SDN 020 LENGKONG BESAR KOTA BANDUNG,20245219,SD,Negeri,"-6.930388731997354, 107.61334700803495",,,,,,
2,SDN 100 CIPEDES KOTA BANDUNG,20245922,SD,Negeri,"-6.869107456686469, 107.58778709269214",,,,,,
2,SDN 050 CIBIRU KOTA BANDUNG,20245488,SD,Negeri,"-6.934005936188012, 107.72133280803489",,,,,,
2,SDN 095 BABAKANJATI KOTA BANDUNG,20246455,SD,Negeri,"-6.947955242000066, 107.6504931196808",,,,,,
2,SDN 209 ANTAPANI KOTA BANDUNG,20245442,SD,Negeri,"-6.910010464234338, 107.657855635022",,,,,,
2,SDN 012 BABAKAN CIPARAY KOTA BANDUNG,20245013,SD,Negeri,"-6.945106191056899, 107.58328440803515",,,,,,
2,SDN 048 SIRNAMANAH KOTA BANDUNG,20244920,SD,Negeri,"-6.887941559530334, 107.59795953871769",,,,,,
2,SDN 118 TANJUNG KOTA BANDUNG,20244990,SD,Negeri,"-6.929705933433698, 107.58889476570575",,,,,,
2,SDN 042 GAMBIR KOTA BANDUNG,20244857,SD,Negeri,"-6.919969530178804, 107.62725949638904",,,,,,
2,SDN 087 RANCABOLANG KOTA BANDUNG,20246414,SD,Negeri,"-6.950053243081583, 107.66216163502249",,,,,,
2,SDN 046 SINDANGLAYA KOTA BANDUNG,20245768,SD,Negeri,"-6.903332465720631, 107.6802195675534",,,,,,
2,SDN 082 MUARARAJEUN KOTA BANDUNG,20245242,SD,Negeri,"-6.902047013891588, 107.63166322152817",,,,,,
2,SDN 062 CIUJUNG KOTA BANDUNG,20245187,SD,Negeri,"-6.9067209657550706, 107.62964676570535",,,,,,
2,SDN 148 CIBADUYUT KOTA BANDUNG,20244963,SD,Negeri,"-6.956265396470036, 107.59090345221256",,,,,,
2,SDN 034 PATRAKOMALA KOTA BANDUNG,20245745,SD,Negeri,"-6.911655419724132, 107.6216034522118",,,,,,
2,SDN 030 CIRATEUN KOTA BANDUNG,20245140,SD,Negeri,"-6.846669608281976, 107.60123426570449",,,,,,
2,SDN 019 PABAKI KOTA BANDUNG,20245054,SD,Negeri,"-6.927099881685487, 107.59613826755383",,,,,,
2,SDN 190 CISARANTEN KIDUL KOTA BANDUNG,20245505,SD,Negeri,"-6.944297888734781, 107.68508999454141",,,,,,
2,SDN 094 PARAKANWAAS KOTA BANDUNG,20245072,SD,Negeri,"-6.9526077458632685, 107.62680235221244",,,,,,
2,SDN 172 ANDIR KIDUL KOTA BANDUNG,20245439,SD,Negeri,"-6.913307397737562, 107.69561305405989",,,,,,
2,SDN 258 SUKARELA KOTA BANDUNG,20245792,SD,Negeri,"-6.922829331402162, 107.70084192522458",,,,,,
3,SD EDU GLOBAL,69980373,SD,Swasta,"-6.9015975179734514, 107.62434548104704",,,,,,
3,SD ISLAM KARAKTER BAITURRAHMAH,70051795,SD,Swasta,"-6.930505983374914, 107.68505560988291",,,,,,
3,SDN 031 PELESIRAN KOTA BANDUNG,20245749,SD,Negeri,"-6.895337812282076, 107.6073602908445",,,,,,
3,SDN 115 TURANGGA KOTA BANDUNG,20245097,SD,Negeri,"-6.93125563332635, 107.63525633687023",,,,,,
3,SDN 056 GARUDA DADALI KOTA BANDUNG,20245196,SD,Negeri,"-6.91135071953902, 107.57699540803459",,,,,,
3,SDN 016 DR. CIPTO PAJAJARAN KOTA BANDUNG,20245566,SD,Negeri,"-6.906386816524937, 107.59990378104709",,,,,,
3,SDN 043 CIMUNCANG KOTA BANDUNG,20245178,SD,Negeri,"-6.903891080585403, 107.64782492337629",,,,,,
3,SDN 041 CIBUNTU WARUNG MUNCANG KOTA BANDUNG,20244744,SD,Negeri,"-6.922651530095341, 107.57591892337648",,,,,,
3,SDN 101 SUKAKARYA KOTA BANDUNG,20245795,SD,Negeri,"-6.907008971737281, 107.67538929454078",,,,,,
3,SDN 106 AJITUNGGAL CIJAMBE KOTA BANDUNG,20246393,SD,Negeri,"-6.908686266992475, 107.69280115221183",,,,,,
3,SDN 083 BABAKAN SURABAYA KOTA BANDUNG,20245470,SD,Negeri,"-6.919694530061181, 107.64452642337643",,,,,,
3,SDN 033 ASMI KOTA BANDUNG,20245201,SD,Negeri,"-6.929162478041868, 107.607900450364",,,,,,
3,SDN 137 CIJEROKASO KOTA BANDUNG,20244848,SD,Negeri,"-6.871001064642019, 107.5805764233758",,,,,,
3,SDN 090 CIBIRU KOTA BANDUNG,20245487,SD,Negeri,"-6.934042681566283, 107.7211130522121",,,,,,
3,SDN 129 RANCASAWO MARGASARI KOTA BANDUNG,20246417,SD,Negeri,"-6.959123896343544, 107.67098015406062",,,,,,
3,SDN 248 SINDANGSARI KOTA BANDUNG,20245778,SD,Negeri,"-6.926580833007693, 107.66464743502223",,,,,,
3,SDN 058 BABAKAN CIPARAY KOTA BANDUNG,20245014,SD,Negeri,"-6.9473769919803186, 107.58549439269333",,,,,,
3,SDN 071 SUKAGALIH KOTA BANDUNG,20245267,SD,Negeri,"-6.892230905344208, 107.59236052337603",,,,,,
3,SDN 147 CITARIP BARAT KOTA BANDUNG,20244969,SD,Negeri,"-6.938903939283115, 107.58518839454128",,,,,,
3,SDN 063 KEBON GEDANG KOTA BANDUNG,20245950,SD,Negeri,"-6.927821384037816, 107.6415867675538",,,,,,
3,SDN 122 CIJAWURA KOTA BANDUNG,20245169,SD,Negeri,,,,,,,
3,SDN 055 JATIHANDAP KOTA BANDUNG,20245598,SD,Negeri,,,,,,,
3,SDN 132 CIHAURGEULIS KOTA BANDUNG,20245165,SD,Negeri,,,,,,,
3,SDN 200 LEUWIPANJANG KOTA BANDUNG,20244980,SD,Negeri,,,,,,,
3,SDN 035 SOKA KOTA BANDUNG,20245781,SD,Negeri,,,,,,,
3,SDN 085 CIUMBULEUIT KOTA BANDUNG,20245142,SD,Negeri,,,,,,,
3,SDN 023 PAJAGALAN KOTA BANDUNG,20244745,SD,Negeri,,,,,,,
3,SDN 215 RANCASAGATAN KOTA BANDUNG,20245759,SD,Negeri,,,,,,,
3,SDN 117 BATUNUNGGAL KOTA BANDUNG,20245021,SD,Negeri,,,,,,,
3,SDN 262 PANYILEUKAN KOTA BANDUNG,20245724,SD,Negeri,,,,,,,
4,SD ISTIQAMAH,20219578,SD,Swasta,,,,,,,
4,SDN 032 TILIL KOTA BANDUNG,20245822,SD,Negeri,,,,,,,
4,SDN 119 CIJAGRA KOTA BANDUNG,20245023,SD,Negeri,,,,,,,
4,SDN 091 CIBEUREUM KOTA BANDUNG,20245129,SD,Negeri,,,,,,,
4,SDN 045 PASIRKALIKI KOTA BANDUNG,20245735,SD,Negeri,,,,,,,
4,SDN 044 CICADAS AWIGOMBONG KOTA BANDUNG,20245157,SD,Negeri,,,,,,,
4,SDN 061 CIJERAH KOTA BANDUNG,20244841,SD,Negeri,,,,,,,
4,SDN 140 ARCAMANIK KOTA BANDUNG,20245447,SD,Negeri,,,,,,,
4,SDN 107 PALEDANG KOTA BANDUNG,20245729,SD,Negeri,,,,,,,
4,SDN 111 PINDAD KOTA BANDUNG,20245751,SD,Negeri,,,,,,,
4,SDN 047 BALONGGEDE KOTA BANDUNG,20251861,SD,Negeri,,,,,,,
4,SDN 138 GEGERKALONG GIRANG KOTA BANDUNG,20247203,SD,Negeri,,,,,,,
4,SDN 102 CIKUDAYASA KOTA BANDUNG,20245492,SD,Negeri,,,,,,,
4,SDN 131 CIJAWURA KOTA BANDUNG,20245171,SD,Negeri,,,,,,,
4,SDN 254 GRIYA BUMI ANTAPANI KOTA BANDUNG,20245583,SD,Negeri,,,,,,,
4,SDN 059 CIRANGRANG KOTA BANDUNG,20245025,SD,Negeri,,,,,,,
4,SDN 076 SUKAJADI KOTA BANDUNG,20244925,SD,Negeri,,,,,,,
4,SDN 251 JAMIKA KOTA BANDUNG,20244975,SD,Negeri,,,,,,,
4,SDN 081 KEBON GEDANG KRIDAWINAYA KOTA BANDUNG,20245956,SD,Negeri,,,,,,,
4,SDN 222 PASIRPOGOR KOTA BANDUNG,20246413,SD,Negeri,,,,,,,
4,SDN 068 SINDANGLAYA KOTA BANDUNG,20245769,SD,Negeri,,,,,,,
4,SDN 149 CIGADUNG KOTA BANDUNG,20245162,SD,Negeri,,,,,,,
4,SDN 228 CANGKUANG KOTA BANDUNG,20244959,SD,Negeri,,,,,,,
4,SDN 088 EMBONG KOTA BANDUNG,20245568,SD,Negeri,,,,,,,
4,SDN 108 CIUMBULEUIT KOTA BANDUNG,20245144,SD,Negeri,,,,,,,
4,SDN 039 TEGALLEGA KOTA BANDUNG,20245095,SD,Negeri,,,,,,,
4,SDN 216 SONDARIAH KOTA BANDUNG,20245780,SD,Negeri,,,,,,,
4,SDN 130 SEKELIMUS BATUNUNGGAL KOTA BANDUNG,20245084,SD,Negeri,,,,,,,
4,SDN 268 PANYILEUKAN KOTA BANDUNG,20245726,SD,Negeri,,,,,,,
5,SD KRISTEN BAPTIS,20219584,SD,Swasta,,,,,,,
5,SDN 053 CISITU KOTA BANDUNG,20245537,SD,Negeri,,,,,,,
5,SDN 135 TURANGGA KOTA BANDUNG,20245098,SD,Negeri,,,,,,,
5,SDN 098 CIROYOM KOTA BANDUNG,20245141,SD,Negeri,,,,,,,
5,SDN 051 PASIRKALIKI KOTA BANDUNG,20245740,SD,Negeri,,,,,,,
5,SDN 064 PADASUKA KOTA BANDUNG,20245247,SD,Negeri,,,,,,,
5,SDN 080 BOJONG INDAH CIBUNTU KOTA BANDUNG,20244740,SD,Negeri,,,,,,,
5,SDN 141 LOKAJAYA KOTA BANDUNG,20245712,SD,Negeri,,,,,,,
5,SDN 224 CIJAMBE KOTA BANDUNG,20245517,SD,Negeri,,,,,,,
5,SDN 116 CICAHEUM KOTA BANDUNG,20245512,SD,Negeri,,,,,,,
5,SDN 070 PASIRLUYU KOTA BANDUNG,20246459,SD,Negeri,,,,,,,
5,SDN 139 SUKARASA KOTA BANDUNG,20244928,SD,Negeri,,,,,,,
5,SDN 124 HANURA KOTA BANDUNG,20245586,SD,Negeri,,,,,,,
5,SDN 184 BUAHBATU KOTA BANDUNG,20246396,SD,Negeri,,,,,,,
5,SDN 255 GRIYA BUMI ANTAPANI KOTA BANDUNG,20245575,SD,Negeri,,,,,,,
5,SDN 060 RAYA BARAT KOTA BANDUNG,20245078,SD,Negeri,,,,,,,
5,SDN 077 SEJAHTERA KOTA BANDUNG,20245980,SD,Negeri,,,,,,,
5,SDN 270 GENTRA MASEKDAS KOTA BANDUNG,20244974,SD,Negeri,,,,,,,
5,SDN 109 CENTEH KOTA BANDUNG,20244829,SD,Negeri,,,,,,,
5,SDN 263 RANCALOA KOTA BANDUNG,20245756,SD,Negeri,,,,,,,
5,SDN 084 CIKADUT KOTA BANDUNG,20245521,SD,Negeri,,,,,,,
5,SDN 201 SUKALUYU KOTA BANDUNG,20245280,SD,Negeri,,,,,,,
5,SDN 229 CIBADUYUT KOTA BANDUNG,20244966,SD,Negeri,,,,,,,
5,SDN 113 BANJARSARI KOTA BANDUNG,20245475,SD,Negeri,,,,,,,
5,SDN 134 PANORAMA KOTA BANDUNG,20245244,SD,Negeri,,,,,,,
5,SDN 073 PAJAGALAN KOTA BANDUNG,20247280,SD,Negeri,,,,,,,
5,SDN 274 CEMPAKA ARUM KOTA BANDUNG,20245486,SD,Negeri,,,,,,,
5,SDN 250 JAKAPURWA KOTA BANDUNG,20245034,SD,Negeri,,,,,,,
5,SDN 271 PANGHEGAR KOTA BANDUNG,20245723,SD,Negeri,,,,,,,
6,SD AL FATAH,20219525,SD,Swasta,,,,,,,
6,SD ASY-SYIFA 1,20219539,SD,Swasta,,,,,,,
6,SD DARUL HIKAM INTEGRATED SCHOOL,70031982,SD,Swasta,,,,,,,
6,SD KRISTEN YAHYA,20219839,SD,Swasta,,,,,,,
6,SD 3 KRISTEN PAULUS,20219588,SD,Swasta,,,,,,,
6,SD ASHFIYA,69922041,SD,Swasta,,,,,,,
6,SD INTELIGENSIA,70007902,SD,Swasta,,,,,,,
6,SDN 054 TIKUKUR KOTA BANDUNG,20245817,SD,Negeri,,,,,,,
6,SDN 163 BUAHBATU BARU KOTA BANDUNG,20245022,SD,Negeri,,,,,,,
6,SDN 197 KARANG TARUNA KARANGSARI KOTA BANDUNG,20245215,SD,Negeri,,,,,,,
6,SDN 074 AYUDIA KOTA BANDUNG,20245449,SD,Negeri,,,,,,,
6,SDN 114 BOJONGKONENG CIBEUNYING KOTA BANDUNG,20245119,SD,Negeri,,,,,,,
6,SDN 093 TUNAS HARAPAN CIJERAH KOTA BANDUNG,20244933,SD,Negeri,,,,,,,
6,SDN 180 PRAKARSA NUGRAHA KOTA BANDUNG,20245754,SD,Negeri,,,,,,,
6,SDN 225 MEKARGALIH KOTA BANDUNG,20245714,SD,Negeri,,,,,,,
6,SDN 158 BABAKAN SARI BABAKAN SURABAYA KOTA BANDUNG,20245452,SD,Negeri,,,,,,,
6,SDN 112 PAMOYANAN KOTA BANDUNG,20245254,SD,Negeri,,,,,,,
6,SDN 176 CILANDAK KOTA BANDUNG,20245918,SD,Negeri,,,,,,,
6,SDN 125 TARUNA KARYA KOTA BANDUNG,20245811,SD,Negeri,,,,,,,
6,SDN 230 MARGAHAYU RAYA KOTA BANDUNG,20245226,SD,Negeri,,,,,,,
6,SDN 259 GRIYA BUMI ANTAPANI KOTA BANDUNG,20245580,SD,Negeri,,,,,,,
6,SDN 089 BABAKAN CIPARAY KOTA BANDUNG,20244998,SD,Negeri,,,,,,,
6,SDN 096 SARIJADI SELATAN KOTA BANDUNG,20245260,SD,Negeri,,,,,,,
6,SDN 145 BINONG JATI KOTA BANDUNG,20244825,SD,Negeri,,,,,,,
6,SDN 165 JATIHANDAP KOTA BANDUNG,20245596,SD,Negeri,,,,,,,
6,SDN 233 CIBADUYUT KOTA BANDUNG,20244967,SD,Negeri,,,,,,,
6,SDN 188 BANDUNG BARU KOTA BANDUNG,20245106,SD,Negeri,,,,,,,
6,SDN 079 KOPO PAJAGALAN KOTA BANDUNG,20245039,SD,Negeri,,,,,,,
6,SDN 266 MENGGER KOTA BANDUNG,20245049,SD,Negeri,,,,,,,
7,SD ADVENT CIMINDI,20219531,SD,Swasta,,,,,,,
7,SD AL HIDAYAH,20219523,SD,Swasta,,,,,,,
7,SD BINAR INDONESIA,70003404,SD,Swasta,,,,,,,
7,SD ISLAM TERPADU AL IRSYAD,20253818,SD,Swasta,,,,,,,
7,SD LINGGAWASTU,20219838,SD,Swasta,,,,,,,
7,SD ADVENT NARIPAN,20219530,SD,Swasta,,,,,,,
7,SD ISLAM AL AZHAR 62 SUMMARECON BANDUNG,70031980,SD,Swasta,,,,,,,
7,SD BINEKAS,69980028,SD,Swasta,,,,,,,
7,SD JUARA,69734138,SD,Swasta,,,,,,,
7,SDN 065 CIHAMPELAS KOTA BANDUNG,20245514,SD,Negeri,,,,,,,
7,SDN 164 KARANGPAWULANG KOTA BANDUNG,20245036,SD,Negeri,,,,,,,
7,SDN 075 JATAYU KOTA BANDUNG,20245591,SD,Negeri,,,,,,,
7,SDN 133 JALAN ANYAR KOTA BANDUNG,20245211,SD,Negeri,,,,,,,
7,SDN 121 CARINGIN HOLIS KOTA BANDUNG,20244742,SD,Negeri,,,,,,,
7,SDN 181 SUKAMISKIN KOTA BANDUNG,20245804,SD,Negeri,,,,,,,
7,SDN 253 PANGGUNGSARI KOTA BANDUNG,20245731,SD,Negeri,,,,,,,
7,SDN 159 SEKEJATI KOTA BANDUNG,20245762,SD,Negeri,,,,,,,
7,SDN 120 KOTABARU KOTA BANDUNG,20245218,SD,Negeri,,,,,,,
7,SDN 177 CIPEDES KOTA BANDUNG,20245919,SD,Negeri,,,,,,,
7,SDN 152 CIGAGAK KOTA BANDUNG,20245838,SD,Negeri,,,,,,,
7,SDN 242 MARGASARI KOTA BANDUNG,20245228,SD,Negeri,,,,,,,
7,SDN 260 GRIYA BUMI ANTAPANI KOTA BANDUNG,20245582,SD,Negeri,,,,,,,
7,SDN 126 BABAKAN KOTA BANDUNG,20244995,SD,Negeri,,,,,,,
7,SDN 136 SUKAWARNA KOTA BANDUNG,20245278,SD,Negeri,,,,,,,
7,SDN 146 GUMURUH KOTA BANDUNG,20244870,SD,Negeri,,,,,,,
7,SDN 174 PASIR IMPUN KOTA BANDUNG,20245733,SD,Negeri,,,,,,,
7,SDN 241 LEUWIANYAR KOTA BANDUNG,20244978,SD,Negeri,,,,,,,
7,SDN 204 CIDADAP KOTA BANDUNG,20245139,SD,Negeri,,,,,,,
7,SDN 092 CIBADAK ANDIR KOTA BANDUNG,20244961,SD,Negeri,,,,,,,
8,SD BALA KESELAMATAN,20219585,SD,Swasta,,,,,,,
8,SD AL-HUNAFA,70031983,SD,Swasta,,,,,,,
8,SD AL QURAN ISLAMIYAH,70052205,SD,Swasta,,,,,,,
8,SD CERDAS MULIA EKSELENSIA,69949228,SD,Swasta,,,,,,,
8,SD SANTA MELANIA,20219883,SD,Swasta,,,,,,,
8,SD MATHLAUL KHOERIYAH,20219856,SD,Swasta,,,,,,,
8,SD AL BASYARIYAH,20219527,SD,Swasta,,,,,,,
8,SD BANDUNG ISLAMIC SCHOOL,69971730,SD,Swasta,,,,,,,
8,SD ADZKIA,69932122,SD,Swasta,,,,,,,
8,SD ISLAM AL-MUIZZ,69989950,SD,Swasta,,,,,,,
8,SD IT Al-FAJAR,20267927,SD,Swasta,,,,,,,
8,SD MUHAMMADIYAH 8,20219835,SD,Swasta,,,,,,,
8,SDN 103 COBLONG KOTA BANDUNG,20245549,SD,Negeri,,,,,,,
8,SDN 202 SURYALAYA KOTA BANDUNG,20245094,SD,Negeri,,,,,,,
8,SDN 110 PASIRKALIKI KOMARABUDI KOTA BANDUNG,20245736,SD,Negeri,,,,,,,
8,SDN 150 GATOT SUBROTO KOTA BANDUNG,20245206,SD,Negeri,,,,,,,
8,SDN 182 PERUMNAS CIJERAH KOTA BANDUNG,20244899,SD,Negeri,,,,,,,
8,SDN 198 MEKARJAYA KOTA BANDUNG,20245715,SD,Negeri,,,,,,,
8,SDN 160 SUKALAKSANA KOTA BANDUNG,20245797,SD,Negeri,,,,,,,
8,SDN 123 BABAKAN PRIANGAN KOTA BANDUNG,20245108,SD,Negeri,,,,,,,
8,SDN 178 GEGERKALONG KPAD KOTA BANDUNG,20244861,SD,Negeri,,,,,,,
8,SDN 153 TARUNA KARYA KOTA BANDUNG,20245812,SD,Negeri,,,,,,,
8,SDN 246 MARGACINTA KOTA BANDUNG,20246410,SD,Negeri,,,,,,,
8,SDN 264 GRIYA BUMI ANTAPANI KOTA BANDUNG,20245577,SD,Negeri,,,,,,,
8,SDN 144 SITUGUNTING KOTA BANDUNG,20245089,SD,Negeri,,,,,,,
8,SDN 193 CARINGIN KOTA BANDUNG,20245126,SD,Negeri,,,,,,,
8,SDN 203 KACAPIRING KOTA BANDUNG,20244880,SD,Negeri,,,,,,,
8,SDN 175 TANJAKAN KOTA BANDUNG,20245816,SD,Negeri,,,,,,,
8,SDN 142 DWIKORA KOTA BANDUNG,20245029,SD,Negeri,,,,,,,
9,SD BODHI SINAR TERANG,69967567,SD,Swasta,,,,,,,
9,SD PLUS BAITURRAHMAN,20247254,SD,Swasta,,,,,,,
9,SD DWI AMANAT,20219607,SD,Swasta,,,,,,,
9,SD ESA KAREEM PRIMARY SCHOOL,70046462,SD,Swasta,,,,,,,
9,SD SEJATI,20219891,SD,Swasta,,,,,,,
9,SD PERTIWI,20219823,SD,Swasta,,,,,,,
9,SD BINTANG MULIA,20255795,SD,Swasta,,,,,,,
9,SD KARTIKA XIX - 1,20219575,SD,Swasta,,,,,,,
9,SD AL HUSAINIYYAH,20219544,SD,Swasta,,,,,,,
9,SD SANTO ALOYSIUS BANDUNG KIDUL,20267930,SD,Swasta,,,,,,,
9,SD SAINS AL BIRUNI,20219827,SD,Swasta,,,,,,,
9,SDN 104 LANGENSARI SENANGGALIH KOTA BANDUNG,20245710,SD,Negeri,,,,,,,
9,SDN 206 PUTRACO INDAH KOTA BANDUNG,20245077,SD,Negeri,,,,,,,
9,SDN 154 CITEPUS KOTA BANDUNG,20245541,SD,Negeri,,,,,,,
9,SDN 151 SUKASENANG KOTA BANDUNG,20245284,SD,Negeri,,,,,,,
9,SDN 183 SAYURAN KOTA BANDUNG,20244910,SD,Negeri,,,,,,,
9,SDN 226 ARCAMANIK ENDAH KOTA BANDUNG,20245448,SD,Negeri,,,,,,,
9,SDN 161 SUKAPURA KOTA BANDUNG,20245805,SD,Negeri,,,,,,,
9,SDN 166 CIATEUL KOTA BANDUNG,20245146,SD,Negeri,,,,,,,
9,SDN 179 SARIJADI KOTA BANDUNG,20244903,SD,Negeri,,,,,,,
9,SDN 168 CIPADUNG KOTA BANDUNG,20245500,SD,Negeri,,,,,,,
9,SDN 261 MARGAHAYU RAYA KOTA BANDUNG,20246408,SD,Negeri,,,,,,,
9,SDN 267 GRIYA BUMI ANTAPANI KOTA BANDUNG,20245573,SD,Negeri,,,,,,,
9,SDN 213 BABAKAN CIPARAY KOTA BANDUNG,20245008,SD,Negeri,,,,,,,
9,SDN 194 SUKAJADI KOTA BANDUNG,20244926,SD,Negeri,,,,,,,
9,SDN 219 BABAKANJATI KOTA BANDUNG,20244823,SD,Negeri,,,,,,,
9,SDN 231 SUKAASIH KOTA BANDUNG,20245794,SD,Negeri,,,,,,,
9,SDN 143 KOPO KOTA BANDUNG,20245043,SD,Negeri,,,,,,,
10,SD BPMD TARUNA,20219535,SD,Swasta,,,,,,,
10,SD UNGGULAN AL-IZZAH BANDUNG,70038570,SD,Swasta,,,,,,,
10,SD AL KENZIE,70005214,SD,Swasta,,,,,,,
10,SD GRACIA 2,20219612,SD,Swasta,,,,,,,
10,SD IT AL FITRAH,20269138,SD,Swasta,,,,,,,
10,SD PRIBADI BANDUNG,20219831,SPK SD,Swasta,,,,,,,
10,SD PRIANGAN ISTIQAMAH,20219832,SD,Swasta,,,,,,,
10,SD BUDI SASTRA,20219604,SD,Swasta,,,,,,,
10,SD PARDOMUAN,20219818,SD,Swasta,,,,,,,
10,SD AL- HIDAYAH,20252052,SD,Swasta,,,,,,,
10,SD TIARA BUNDA,20268416,SD,Swasta,,,,,,,
10,SDN 127 SEKELOA KOTA BANDUNG,20245765,SD,Negeri,,,,,,,
10,SDN 235 LENGKONG KECIL KOTA BANDUNG,20245045,SD,Negeri,,,,,,,
10,SDN 155 GUNUNG RAHAYU KOTA BANDUNG,20245570,SD,Negeri,,,,,,,
10,SDN 234 SALUYU KOTA BANDUNG,20245262,SD,Negeri,,,,,,,
10,SDN 199 SAYURAN KOTA BANDUNG,20244909,SD,Negeri,,,,,,,
10,SDN 244 GURUMINDA KOTA BANDUNG,20245585,SD,Negeri,,,,,,,
10,SDN 162 WARUNGJAMBU KIARACONDONG KOTA BANDUNG,20245836,SD,Negeri,,,,,,,
10,SDN 167 MENGGER GIRANG KOTA BANDUNG,20245229,SD,Negeri,,,,,,,
10,SDN 195 ISOLA KOTA BANDUNG,20244878,SD,Negeri,,,,,,,
10,SDN 169 PELITA KOTA BANDUNG,20245747,SD,Negeri,,,,,,,
10,SDN 269 GRIYA BUMI ANTAPANI KOTA BANDUNG,20245579,SD,Negeri,,,,,,,
10,SDN 227 MARGAHAYU UTARA KOTA BANDUNG,20245046,SD,Negeri,,,,,,,
10,SDN 207 CIBOGO KOTA BANDUNG,20245137,SD,Negeri,,,,,,,
10,SDN 220 GUMURUH KOTA BANDUNG,20244871,SD,Negeri,,,,,,,
10,SDN 243 CICABE KOTA BANDUNG,20245510,SD,Negeri,,,,,,,
10,SDN 249 ASTANAANYAR KOTA BANDUNG,20244993,SD,Negeri,,,,,,,
11,SD DWISAKTI,20219616,SD,Swasta,,,,,,,
11,SD ESSENVILLE PRIMARY SCHOOL,70052386,SD,Swasta,,,,,,,
11,SD AL-IHSAN ISLAMIC SCHOOL,69969798,SD,Swasta,,,,,,,
11,SD AZ-ZAKIYAH,20219579,SD,Swasta,,,,,,,
11,SD ASY-SYIFA 2,20219580,SD,Swasta,,,,,,,
11,SD PELITA FAJAR,60728783,SD,Swasta,,,,,,,
11,SD ALFA CENTAURI,69734330,SD,Swasta,,,,,,,
11,SD ABU AZIS,69947473,SD,Swasta,,,,,,,
11,SD SANTA URSULA,20219812,SD,Swasta,,,,,,,
11,SD HARAPAN KASIH,69895387,SD,Swasta,,,,,,,
11,SD SANTA ANGELA,20219825,SD,Swasta,,,,,,,
11,SD KRISTEN HIDUP BARU,20258399,SD,Swasta,,,,,,,
11,SDN 128 HAURPANCUH KOTA BANDUNG,20245587,SD,Negeri,,,,,,,
11,SDN 257 PELITA KOTA BANDUNG,20245257,SD,Negeri,,,,,,,
11,SDN 156 PASIRKALIKI KOTA BANDUNG,20245737,SD,Negeri,,,,,,,
11,SDN 214 PERUMNAS CIJERAH KOTA BANDUNG,20244900,SD,Negeri,,,,,,,
11,SDN 191 BABAKAN SURABAYA KOTA BANDUNG,20245464,SD,Negeri,,,,,,,
11,SDN 192 CIBURUY KOTA BANDUNG,20245148,SD,Negeri,,,,,,,
11,SDN 196 SUKARASA KOTA BANDUNG,20244929,SD,Negeri,,,,,,,
11,SDN 186 CIPADUNG KOTA BANDUNG,20245498,SD,Negeri,,,,,,,
11,SDN 236 BABAKAN CIPARAY KOTA BANDUNG,20245001,SD,Negeri,,,,,,,
11,SDN 208 LUGINASARI SUKAGALIH KOTA BANDUNG,20245963,SD,Negeri,,,,,,,
11,SDN 265 BANDUNGKULON KOTA BANDUNG,20244949,SD,Negeri,,,,,,,
12,SD AL AZHAR 36,69752555,SD,Swasta,,,,,,,
12,SD KRISTEN 1 BPK PENABUR,20219592,SD,Swasta,,,,,,,
12,SD ITQAN ISLAMIC SCHOOL,69946543,SD,Swasta,,,,,,,
12,SD BINTANG MADANI,20270664,SD,Swasta,,,,,,,
12,SD BUDI ASIH,20219522,SD,Swasta,,,,,,,
12,SD DAARUL HIKMAH BANDUNG,70005215,SD,Swasta,,,,,,,
12,SD SWADAYA 1,20219886,SD,Swasta,,,,,,,
12,SD CIPTA KARYA,20246315,SD,Swasta,,,,,,,
12,SD AL-IRHAAM GLOBAL ISLAMIC SCHOOL,20252083,SD,Swasta,,,,,,,
12,SD SANTO AGUSTINUS,20219894,SD,Swasta,,,,,,,
12,SD KRISTEN BPK PENABUR SINGGASANA,69760835,SD,Swasta,,,,,,,
12,SD SANTO YUSUP,20219892,SD,Swasta,,,,,,,
12,SD KUNTUM CEMERLANG,20255260,SD,Swasta,,,,,,,
12,SD GANESHA,20219615,SD,Swasta,,,,,,,
12,SDN 173 NEGLASARI KOTA BANDUNG,20245717,SD,Negeri,,,,,,,
12,SDN 170 DIAN KOTA BANDUNG,20245564,SD,Negeri,,,,,,,
12,SDN 232 BLOK SAWAH KOTA BANDUNG,20244739,SD,Negeri,,,,,,,
12,SDN 210 BABAKAN SINYAR KOTA BANDUNG,20245460,SD,Negeri,,,,,,,
12,SDN 211 BABAKAN PRIANGAN KOTA BANDUNG,20245110,SD,Negeri,,,,,,,
12,SDN 212 HARAPAN KOTA BANDUNG,20245941,SD,Negeri,,,,,,,
12,SDN 247 SUKAPURA KOTA BANDUNG,20258124,SD,Negeri,,,,,,,
12,SDN 237 KOPO ELOK KOTA BANDUNG,20245044,SD,Negeri,,,,,,,
12,SDN 272 SUKASARI KOTA BANDUNG,20245274,SD,Negeri,,,,,,,
13,SD BPI,20219536,SD,Swasta,,,,,,,
13,SD KRISTEN 6 BPK PENABUR,20219586,SD,Swasta,,,,,,,
13,SD KARAKTER AZ-ZAHRA,20279824,SD,Swasta,,,,,,,
13,SD CERDAS MUTHAHHARI,20267679,SD,Swasta,,,,,,,
13,SD INTAN AL-SALI,69952860,SD,Swasta,,,,,,,
13,SD IT AL-HIDAYAH LOGAM,69986203,SD,Swasta,,,,,,,
13,SD EL FITRA,69948519,SD,Swasta,,,,,,,
13,SD AL IKHLAS,20219532,SD,Swasta,,,,,,,
13,SD TERANG NUSANTARA,69986026,SD,Swasta,,,,,,,
13,SD IGNATIUS SLAMET RIYADI,20219609,SD,Swasta,,,,,,,
13,SD AL-QURAN,69986341,SD,Swasta,,,,,,,
13,SD SANTO ALOYSIUS TR,20219893,SD,Swasta,,,,,,,
13,SD KRISTEN DIAN EMAS,20219845,SD,Swasta,,,,,,,
13,SD SEQUOIA NASIONAL PLUS,69980318,SD,Swasta,,,,,,,
13,SD MUHAMMADIYAH 6,20219849,SD,Swasta,,,,,,,
13,SD KEMAH INDONESIA,20219572,SD,Swasta,,,,,,,
13,SDN 189 NEGLASARI KOTA BANDUNG,20245718,SD,Negeri,,,,,,,
13,SDN 171 LANUMA HUSEIN KOTA BANDUNG,20245709,SD,Negeri,,,,,,,
13,SDN 238 CIGONDEWAH KOTA BANDUNG,20244839,SD,Negeri,,,,,,,
13,SDN 221 BABAKAN SENTRAL KOTA BANDUNG,20245455,SD,Negeri,,,,,,,
13,SDN 223 BHAKTI WINAYA KOTA BANDUNG,20245114,SD,Negeri,,,,,,,
13,SDN 217 SARIJADI KOTA BANDUNG,20245971,SD,Negeri,,,,,,,
13,SDN 245 SUMBERSARI INDAH KOTA BANDUNG,20245090,SD,Negeri,,,,,,,
14,SD BUDI ISTRI,20219617,SD,Swasta,,,,,,,
14,SD KRISTEN TRIMULIA,20219840,SD,Swasta,,,,,,,
14,SD MUHAMMADIYAH 3,20219852,SD,Swasta,,,,,,,
14,SD ISLAM CENDEKIA MUDA,20255299,SD,Swasta,,,,,,,
14,SD ARRAFI,20247205,SD,Swasta,,,,,,,
14,SD ASSALAAM,20219541,SD,Swasta,,,,,,,
14,SD IT INSAN CERMAT,70008908,SD,Swasta,,,,,,,
14,SD TULUS KARTIKA,20219895,SD,Swasta,,,,,,,
14,SD ISLAM MUTIARA HATI,20254714,SD,Swasta,,,,,,,
14,SD AL BAROKAH,20219528,SD,Swasta,,,,,,,
14,SD CEMARA,20219601,SD,Swasta,,,,,,,
14,SD JEMBAR,20219576,SD,Swasta,,,,,,,
14,SD TUNAS UNGGUL,20219896,SD,Swasta,,,,,,,
14,SD TARUNA BAKTI,20219885,SD,Swasta,,,,,,,
14,SD MUHAMMADIYAH 5,20219850,SD,Swasta,,,,,,,
14,SD Nehru Memorial School,69895440,SPK SD,Swasta,,,,,,,
14,SD SURUUR,20219887,SD,Swasta,,,,,,,
14,SD KRISTEN GAMALIEL,20219844,SD,Swasta,,,,,,,
14,SDN 205 NEGLASARI KOTA BANDUNG,20245720,SD,Negeri,,,,,,,
14,SDN 187 LANUMA HUSEIN KOTA BANDUNG,20245707,SD,Negeri,,,,,,,
14,SDN 239 CIGONDEWAH KOTA BANDUNG,20244838,SD,Negeri,,,,,,,
14,SDN 218 SARIJADI KOTA BANDUNG,20244907,SD,Negeri,,,,,,,
15,SD ADVENT II BANDUNG,20258082,SD,Swasta,,,,,,,
15,SD CIPAERA,20219599,SD,Swasta,,,,,,,
15,SD LPPN,20219837,SD,Swasta,,,,,,,
15,SD 1 KRISTEN PAULUS,20219591,SD,Swasta,,,,,,,
15,SD PELITA,20219814,SD,Swasta,,,,,,,
15,SD ISLAM NURUL AMANAH,70031985,SD,Swasta,,,,,,,
15,SD HAS DARUL ILMI,69947365,SD,Swasta,,,,,,,
15,SD BINA TALENTA,20247274,SD,Swasta,,,,,,,
15,SD TERPADU KRIDA NUSANTARA,20246469,SD,Swasta,,,,,,,
15,SD MANAARATUL IMAN HIIS,70038569,SD,Swasta,,,,,,,
15,SD CAHAYA PELITA,20219603,SD,Swasta,,,,,,,
15,SD CITRA WINAYA,20219598,SD,Swasta,,,,,,,
15,SD TRIKARSA,20219884,SD,Swasta,,,,,,,
15,SD YAKESWA,20219906,SD,Swasta,,,,,,,
15,SD GLOBAL PRESTASI BANDUNG,69883256,SPK SD,Swasta,,,,,,,
15,SD PELITA BANGSA,20253917,SD,Swasta,,,,,,,
15,SDN 240 CIJERAH INDAH KOTA BANDUNG,20244846,SD,Negeri,,,,,,,
15,SDN 252 SETIABUDI KOTA BANDUNG,20244937,SD,Negeri,,,,,,,
16,SD AL FALAH,20219526,SD,Swasta,,,,,,,
16,SD GAGAS CERIA,20247207,SD,Swasta,,,,,,,
16,SD MALEBER BARAT,20219846,SD,Swasta,,,,,,,
16,SD AL FATAH AL HASAN,20219524,SD,Swasta,,,,,,,
16,SD SANTO YUSUP I,20253862,SD,Swasta,,,,,,,
16,SD ISLAM TERPADU AMANAH UMMAH,70031981,SD,Swasta,,,,,,,
16,SD IGNATIUS SLAMET RIYADI 2,20219608,SD,Swasta,,,,,,,
16,SD DEWI SARTIKA,20219596,SD,Swasta,,,,,,,
16,SD BIANGLALA,20247206,SD,Swasta,,,,,,,
16,SD TUNAS HARAPAN AR-RAUDHAH,70051765,SD,Swasta,,,,,,,
16,SD MUHAMMADIYAH 7,20219836,SD,Swasta,,,,,,,
16,SD PANGKALAN,20219819,SD,Swasta,,,,,,,
16,SD GIKI,20219614,SD,Swasta,,,,,,,
16,SD YPU,20219902,SD,Swasta,,,,,,,
16,SD YKPPK,20253349,SD,Swasta,,,,,,,
16,SD YAMI,20219905,SD,Swasta,,,,,,,
16,SDN 256 CIGONDEWAH HILIR KOTA BANDUNG,20244840,SD,Negeri,,,,,,,
17,SD AL-AMIN,20219529,SD,Swasta,,,,,,,
17,SD IRK,20219594,SD,Swasta,,,,,,,
17,SD MALEBER SELATAN,20219847,SD,Swasta,,,,,,,
17,SD ANGKASA 1,20219534,SD,Swasta,,,,,,,
17,SD YAYASAN ATIKAN SUNDA,20219904,SD,Swasta,,,,,,,
17,SD ISLAM TERPADU LUQMANUL HAKIM,20219577,SD,Swasta,,,,,,,
17,SD ISLAM ABU SENO,70042649,SD,Swasta,,,,,,,
17,SD DIAN KENCANA,20219606,SD,Swasta,,,,,,,
17,SD ISLAM AL AZHAR 30,20253348,SD,Swasta,,,,,,,
17,SD PASUNDAN 2,20219816,SD,Swasta,,,,,,,
17,SD IBNU TAIMIYAH,20219610,SD,Swasta,,,,,,,
17,SD KRISTEN BPK PENABUR BANDA,20268647,SPK SD,Swasta,,,,,,,
17,SDN 273 GEMPOL SARI KOTA BANDUNG,20244863,SD,Negeri,,,,,,,
18,SD ALAM BANDUNG,20269424,SD,Swasta,,,,,,,
18,SD KARTIKA X-1,20219574,SD,Swasta,,,,,,,
18,SD MALEBER UTARA,20219848,SD,Swasta,,,,,,,
18,SD ANGKASA 3,20219542,SD,Swasta,,,,,,,
18,SD ANDIR MUKTI,20219533,SD,Swasta,,,,,,,
18,SD MUTIARA BUNDA,20253757,SD,Swasta,,,,,,,
18,SD MUHAMMADIYAH 2,20219853,SD,Swasta,,,,,,,
18,SD KRISTEN KALAM KUDUS,20219843,SD,Swasta,,,,,,,
18,SD LABORATORIUM PERCONTOHAN UPI,20252973,SD,Swasta,,,,,,,
18,SD PASUNDAN 3,20219815,SD,Swasta,,,,,,,
18,SD MUHAMMADIYAH 4,20219851,SD,Swasta,,,,,,,
19,SD AR-RAHMAN DARUL ILMI,69934958,SD,Swasta,,,,,,,
19,SD KEMALA BHAYANGKARI 1,20219581,SD,Swasta,,,,,,,
19,SD MARIA BINTANG LAUT,20219857,SD,Swasta,,,,,,,
19,SD INDUSTRI,20219595,SD,Swasta,,,,,,,
19,SD ATTAZHIMIYAH,20219538,SD,Swasta,,,,,,,
19,SD PLUS AL GHIFARI,20219824,SD,Swasta,,,,,,,
19,SD NUGRAHA,20219821,SD,Swasta,,,,,,,
19,SD MIFTAHUL IMAN,20219855,SD,Swasta,,,,,,,
19,SD SALUYU,20219826,SD,Swasta,,,,,,,
19,SD SEMI PALAR,69883610,SD,Swasta,,,,,,,
20,SD DARUL HIKAM,20219597,SD,Swasta,,,,,,,
20,SD KRISTEN 5 BPK PENABUR,20219587,SD,Swasta,,,,,,,
20,SD MUTIARA,20219834,SD,Swasta,,,,,,,
20,SD KRISTEN 1 BINA BAKTI,20219583,SD,Swasta,,,,,,,
20,SD BAITUL HIKMAH,69947447,SD,Swasta,,,,,,,
20,SD RABBANI,70003403,SD,Swasta,,,,,,,
20,SD PLUS AL FATWA,20246728,SD,Swasta,,,,,,,
20,SD PELITA NUSANTARA,20247253,SD,Swasta,,,,,,,
20,SD UCHUWWATUL ISLAM,20219897,SD,Swasta,,,,,,,
21,SD PROF. DR. MOESTOPO,20219830,SD,Swasta,,,,,,,
21,SD MUHAMMADIYAH 1,20219854,SD,Swasta,,,,,,,
21,SD PRASISTHA,20219833,SD,Swasta,,,,,,,
21,SD KRISTEN 2 BINA BAKTI,20219590,SD,Swasta,,,,,,,
21,SD BANDUNG RAYA,20219537,SD,Swasta,,,,,,,
21,SD RANCAKASUMBA,20219828,SD,Swasta,,,,,,,
21,SD REHOBOTH,20219841,SD,Swasta,,,,,,,
21,SD SANTO ALOYSIUS SUKASARI,20247251,SD,Swasta,,,,,,,
21,SD BANDUNG INDEPENDENT SCHOOL,69850863,SPK SD,Swasta,,,,,,,
22,SD SALMAN AL FARISI,20253819,SD,Swasta,,,,,,,
22,SD PASCAL MONTESSORI,70041032,SD,Swasta,,,,,,,
22,SD RAJAWALI,20219829,SD,Swasta,,,,,,,
22,SD KRISTEN BPK PENABUR PASIRKALIKI 164,70042650,SD,Swasta,,,,,,,
22,SD CAHAYA NUSANTARA,20258325,SD,Swasta,,,,,,,
22,SD YOS SUDARSO,20246460,SD,Swasta,,,,,,,
22,SD TEMASEK INDEPENDENT SCHOOL,69935556,SD,Swasta,,,,,,,
23,SD YAYASAN BERIBU,20247256,SD,Swasta,,,,,,,
23,SD WINDU PUTRA,20219907,SD,Swasta,,,,,,,
23,SD KRISTEN BPPK,20219858,SD,Swasta,,,,,,,
23,SD CITRA CEMARA,20269306,SD,Swasta,,,,,,,
24,SD YWKA REL HOMY SCHOOL,20219901,SD,Swasta,,,,,,,
24,SD KRISTEN TRIMULIA HITS,20247257,SD,Swasta,,,,,,,
24,SD KASIH BANGSA,69894361,SD,Swasta,,,,,,,
25,SD PANDU,20219820,SD,Swasta,,,,,,,
25,SD KRISTEN BPK PENABUR TAMAN HOLIS INDAH,20219822,SD,Swasta,,,,,,,
26,SD PELITA JASA,20219813,SD,Swasta,,,,,,,
26,SD KRISTEN PELITA,20219842,SD,Swasta,,,,,,,
27,SD YPI,20253257,SD,Swasta,,,,,,,
27,SD SURYANI DWI MARGA,20219889,SD,Swasta,,,,,,,
